target,r2,rmse,mae
total_mass,0.9986576339797194,0.002224773068418149,0.0003855355781418745
buckling_pressure,0.6056520239237715,0.15937937206315486,0.04750984121824723
